fix158716_codigo,fix158716_nome
1,"Alexandre Antonio Enrico Campos"
2,"Aline Vanessa Rocha da Silva"
3,"Anderson Benedito Diogo da Rocha"
4,"Joaquim Sebastião Araújo"
5,"Vicente Bruno Bryan Nogueira"
6,"Sabrina Sara Clara da Cruz"
7,"Vitória Fátima Rodrigues"
8,"Davi Edson Yuri Rezende"
9,"Nelson Guilherme Emanuel Fogaça"
10,"Nelson Guilherme Emanuel Fogaça"
11,"Alexandre Antonio Enrico Campos"
13,"Levi Manoel Assis"
14,"Simone Sophia Alícia Rocha"
15,"Alícia Natália da Silva"
16,"Kaique Bento Danilo Porto"
17,"Márcio Sebastião Costa"
